{
  "numTotalTestSuites": 1,
  "numPassedTestSuites": 1,
  "numFailedTestSuites": 0,
  "numPendingTestSuites": 0,
  "numTotalTests": 8,
  "numPassedTests": 8,
  "numFailedTests": 0,
  "numPendingTests": 0,
  "numTodoTests": 0,
  "startTime": 1719863511213,
  "success": true,
  "testResults": [
    {
      "assertionResults": [
        {
          "ancestorTitles": [
            ""
          ],
          "fullName": " \"Nasıl hissettiğimi bilmiyorum :-|\" yazısı ile başlıyor.",
          "status": "passed",
          "title": "\"Nasıl hissettiğimi bilmiyorum :-|\" yazısı ile başlıyor.",
          "duration": 31,
          "failureMessages": []
        },
        {
          "ancestorTitles": [
            ""
          ],
          "fullName": " İlk başlangıçta yazı rengi crimson.",
          "status": "passed",
          "title": "İlk başlangıçta yazı rengi crimson.",
          "duration": 45,
          "failureMessages": []
        },
        {
          "ancestorTitles": [
            ""
          ],
          "fullName": " Mutlu Et butonuna tıklanınca metin \"Oldukça mutlu :)\" oluyor",
          "status": "passed",
          "title": "Mutlu Et butonuna tıklanınca metin \"Oldukça mutlu :)\" oluyor",
          "duration": 18,
          "failureMessages": []
        },
        {
          "ancestorTitles": [
            ""
          ],
          "fullName": " Mutlu Et butonuna tıklanınca metin rengi royal blue oluyor",
          "status": "passed",
          "title": "Mutlu Et butonuna tıklanınca metin rengi royal blue oluyor",
          "duration": 13,
          "failureMessages": []
        },
        {
          "ancestorTitles": [
            ""
          ],
          "fullName": " Üz butonuna tıklanınca metin \"Oldukça üzgün :(\" oluyor",
          "status": "passed",
          "title": "Üz butonuna tıklanınca metin \"Oldukça üzgün :(\" oluyor",
          "duration": 10,
          "failureMessages": []
        },
        {
          "ancestorTitles": [
            ""
          ],
          "fullName": " Üz butonuna tıklanınca metin rengi crimson oluyor",
          "status": "passed",
          "title": "Üz butonuna tıklanınca metin rengi crimson oluyor",
          "duration": 9,
          "failureMessages": []
        },
        {
          "ancestorTitles": [
            ""
          ],
          "fullName": " Reset butona tıklanınca metin \"Nasıl hissettiğimi bilmiyorum :-|\" oluyor",
          "status": "passed",
          "title": "Reset butona tıklanınca metin \"Nasıl hissettiğimi bilmiyorum :-|\" oluyor",
          "duration": 9,
          "failureMessages": []
        },
        {
          "ancestorTitles": [
            ""
          ],
          "fullName": " Reset butonuna tıklanınca metin rengi crimson oluyor",
          "status": "passed",
          "title": "Reset butonuna tıklanınca metin rengi crimson oluyor",
          "duration": 8,
          "failureMessages": []
        }
      ],
      "startTime": 1719864584499,
      "endTime": 1719864584642,
      "status": "passed",
      "message": "",
      "name": "/home/projects/vitejs-vite-hungbz/src/__tests__/RuhHalleri.test.jsx"
    }
  ]
}